Intercept,MSE,MAE,R^2,Coefficient_1,Coefficient_2
25.782669639347915,751.9077457443361,23.43529067698062,0.25645629477971954,1.3130410737825513,25.039445996097488
